Tip_id,Tip_short,Tip_long
1,Rotate Tires Regularly,"Consistent tire rotation promotes even wear, enhancing handling, fuel efficiency, and overall driving comfort. Regular maintenance contributes to prolonged tire life and a safer driving experience."
2,Invest in Quality Windshield Wipers,"Opting for high-quality windshield wipers ensures clear visibility during adverse weather conditions. Annual replacement guarantees optimal performance, increasing safety and driving comfort."
3,Use a Sunshade for Dashboard Protection,"Employing a sunshade shields your dashboard from damaging UV rays, preserving interior aesthetics and reducing heat buildup. This practice contributes to the longevity and comfort of your car."
4,Check and Replace Air Filters,"Regular air filter maintenance is crucial for fuel efficiency and engine performance. A clean filter ensures proper airflow, supporting efficient combustion and reducing fuel consumption over time."
5,Practice Defensive Driving,"Embrace defensive driving habits, such as maintaining a safe following distance and staying alert, to significantly reduce the risk of accidents. Prioritizing safety on the road contributes to a secure driving environment."
6,Clean Battery Terminals,"Regular cleaning of battery terminals prevents corrosion, ensuring stable electrical connections. This simple maintenance task promotes a longer battery life, reducing the likelihood of unexpected breakdowns."
7,Follow New Car Break-In Period:,Adhering to the manufacturer's break-in recommendations for a new car is crucial for optimal engine performance and longevity. Following these guidelines establishes a solid foundation for a well-maintained vehicle.
8,Avoid Prolonged Idling,Minimize idling to conserve fuel and reduce engine wear. Turning off your engine during extended stops not only saves fuel but also contributes to a more environmentally friendly driving experience.
9,Keep Headlights Clean,"Regularly cleaning headlights ensures optimal nighttime visibility. Removing dirt and grime enhances the effectiveness of your headlights, contributing to safer driving conditions in low-light situations."
10,Choose a Reputable Gas Station,"Opt for a reputable gas station to ensure the quality of the fuel you use. High-quality fuel supports optimal engine performance and fuel efficiency, contributing to a smoother and more reliable driving experience."
11,Monitor Tire Pressure Monthly,"Regularly check tire pressure with a gauge and adjust as needed. Proper inflation improves fuel efficiency, tire longevity, and overall safety, providing a smoother and more economical ride."
12,Mind Your Car's Weight Limit,"Avoid overloading your car, as exceeding weight limits can impact performance and fuel efficiency. Adhering to the specified weight recommendations ensures a smoother and safer driving experience."
13,Warm Up Engine in Cold Weather,"In colder climates, allow your engine to warm up for a short duration before driving. This practice promotes proper lubrication and extends the life of engine components."
14,Avoid Resting Foot on Brake Pedal,"Resist the habit of resting your foot on the brake pedal while driving. This helps prevent unnecessary wear on the brake system, ensuring optimal performance and safety."
15,Install Mud Flaps,"Protect your car's body from road debris by installing mud flaps. This simple addition minimizes paint damage, enhances aesthetics, and contributes to the overall cleanliness of your vehicle."
16,Use the Right Type of Motor Oil,Refer to your car's owner's manual and use the recommended motor oil. Using the right oil grade and viscosity promotes optimal engine performance and extends the life of internal components.
17,Install a Car Cover,"Consider using a car cover when parking for an extended period. This protects your vehicle from the elements, preventing sun damage, bird droppings, and other environmental factors that can affect your car's appearance."
18,Adjust Side Mirrors Properly,"Properly adjust side mirrors to eliminate blind spots. Ensuring correct mirror alignment enhances safety and reduces the risk of accidents, especially during lane changes and merging."
19,Use Fuel Injector Cleaner Periodically,"Incorporate a fuel injector cleaner into your routine maintenance. This helps keep the fuel system clean, improving fuel efficiency and engine performance over time."
20,Keep a Clean Interior,"Regularly clean the interior of your car to maintain a pleasant driving environment. Vacuuming, wiping surfaces, and using appropriate cleaners for upholstery contribute to a comfortable and inviting interior."
21,Learn Basic DIY Skills,"Acquire basic car care skills such as changing a flat tire, replacing wiper blades, and checking and changing the air filter. This knowledge can save time and money in emergency situations."
22,Use Quality Fuel,"Choose high-quality fuel to ensure optimal engine performance. While modern engines can adapt to different fuel qualities, using a higher octane rating can provide better efficiency and overall engine health."
23,Park in the Shade,"Whenever possible, park your car in the shade. This helps protect the paint, prevents interior damage from UV rays, and keeps the car cooler during hot weather."
24,Keep Fluids in Check,"Regularly check and maintain essential fluids such as engine oil, transmission fluid, brake fluid, and coolant. Proper fluid levels are crucial for preventing engine damage and ensuring smooth operation."
25,Plan Ahead for Long Trips,"Before embarking on a long journey, ensure your car is in good condition. Check the tires, brakes, and fluid levels. Carry a basic emergency kit, including a spare tire, jack, jumper cables, and necessary tools."
26,Pay Attention to Warning Lights,Don't ignore warning lights on your dashboard. They are indicators of potential issues that need attention. Promptly addressing warning lights can prevent more significant problems down the road.
27,Drive Smoothly,"Gentle acceleration and braking can significantly extend the lifespan of your car's components. Avoid aggressive driving, sudden stops, and sharp turns to reduce wear and tear."
28,Check Tire Tread Depth,Monitor your tire tread depth regularly. Worn-out tread can compromise traction and safety. Consider replacing tires if the tread depth falls below the recommended levels.
29,Install a Car Alarm,Enhance the security of your vehicle by installing a car alarm or anti-theft system. These deterrents can discourage theft and provide peace of mind when leaving your car unattended.
30,Replace Spark Plugs Periodically,"Regularly replace spark plugs as part of your maintenance routine. This ensures proper ignition, fuel efficiency, and overall engine performance."
31,Inspect Belts and Hoses,Check your car's belts and hoses for signs of wear or damage. Replace them as needed to prevent potential breakdowns and engine damage.
32,Clean and Condition Leather Seats,"If your car has leather seats, clean and condition them regularly to maintain their appearance and prevent cracking. Use a leather cleaner and conditioner recommended by the manufacturer."
33,Be Mindful of Pot Holes,"Avoid hitting potholes whenever possible. Potholes can damage your tires, suspension, and alignment. Drive cautiously and be alert to road conditions to minimize the risk of damage."
34,Check and Tighten Loose Gas Cap,A loose or damaged gas cap can trigger the check engine light and affect fuel efficiency. Regularly check and tighten the gas cap to ensure a proper seal.
35,Keep Emergency Supplies,"Keep essential emergency supplies in your car, including a first aid kit, flashlight, blankets, and non-perishable snacks. Be prepared for unexpected situations, especially during long journeys."
36,Inspect Brake Fluid,"Regularly check your brake fluid level and condition. Brake fluid plays a crucial role in the braking system, and maintaining the proper level ensures effective braking performance."
37,Replace Cabin Air Filter,"Replace the cabin air filter at recommended intervals to maintain air quality inside the car. A clean filter helps filter out dust, pollen, and pollutants, improving the overall driving experience."
38,Clean and Wax Exterior,Regularly clean and wax the exterior of your car to protect the paint from contaminants and UV rays. Waxing adds a protective layer and enhances the vehicle's shine.
39,Check Alignment After Hitting Curb,"If you accidentally hit a curb or pothole, check your wheel alignment. Misaligned wheels can lead to uneven tire wear and affect handling. Address any alignment issues promptly."
40,Use Floor Mats,"Invest in high-quality floor mats to protect your car's carpet from dirt, spills, and wear. Regularly clean and vacuum the mats to maintain a clean interior."
41,Install Bluetooth Hands-Free System,"Consider installing a Bluetooth hands-free system to promote safe driving. This allows you to answer calls without taking your hands off the wheel, reducing distractions."
42,Check and Replace Transmission Fluid,Regularly check and replace transmission fluid according to your car's maintenance schedule. Fresh transmission fluid ensures smooth gear shifts and prolongs the life of the transmission.
43,Inspect and Replace Brake Pads,Keep an eye on your brake pads and replace them when they show signs of wear. Worn brake pads compromise stopping power and safety.
44,Avoid Overrevving the Engine,"Refrain from overrevving your engine, especially when cold. Overrevving can lead to excessive wear on engine components and may result in costly repairs."
45,Keep a Tire Repair Kit,"In addition to a spare tire, consider keeping a tire repair kit in your car. These kits can be useful for temporary fixes until you can reach a professional service."
46,Check for Recalls,Regularly check for recalls related to your car's make and model. Addressing recalls promptly ensures that any safety or performance issues are resolved by the manufacturer.
47,Inspect Suspension System,Regularly inspect your car's suspension system for signs of wear or damage. A well-maintained suspension system contributes to a smoother ride and better handling.
48,Use Rain-Repellent on Windshield,"Apply rain-repellent treatment to your windshield to improve visibility during rain. This hydrophobic coating helps water bead and roll off, enhancing safety in wet conditions."
49,Replace Fuel Filter,"Follow the recommended schedule for replacing the fuel filter. A clean fuel filter ensures proper fuel delivery, preventing engine misfires and maintaining optimal performance."
50,Install Parking Sensors,"Consider installing parking sensors to assist with parking and avoid collisions. Parking sensors provide audible alerts when approaching obstacles, making parking safer and more convenient."
